{"cameraMode":{"drawMode":0,"name":"Shaded","section":"Shading Mode"},"sceneLighting":false,"audioPlay":false,"sceneViewState":{"showFog":true,"showMaterialUpdate":false,"showSkybox":false,"showFlares":true,"showImageEffects":true,"showParticleSystems":true},"in2DMode":false,"pivot":{"x":0.0,"y":0.01718990132212639,"z":0.9999999403953552},"rotation":{"x":-0.055124156177043918,"y":-0.11150253564119339,"z":0.006204990670084953,"w":-0.9922235012054443},"size":0.1450357437133789,"orthographic":true}