{"cameraMode":{"drawMode":0,"name":"Shaded","section":"Shading Mode"},"sceneLighting":true,"audioPlay":false,"sceneViewState":{"showFog":true,"showMaterialUpdate":false,"showSkybox":true,"showFlares":true,"showImageEffects":true,"showParticleSystems":true},"in2DMode":false,"pivot":{"x":-0.030000001192092897,"y":0.030000001192092897,"z":2.9974000453948976},"rotation":{"x":-0.26304012537002566,"y":-0.21146930754184724,"z":0.05922062695026398,"w":-0.9394687414169312},"size":0.725294291973114,"orthographic":true}