{"cameraMode":{"drawMode":0,"name":"Shaded","section":"Shading Mode"},"sceneLighting":true,"audioPlay":false,"sceneViewState":{"showFog":true,"showMaterialUpdate":false,"showSkybox":true,"showFlares":true,"showImageEffects":true,"showParticleSystems":true},"in2DMode":false,"pivot":{"x":1.4961857795715333,"y":-0.07445211708545685,"z":-4.4544291496276859},"rotation":{"x":0.010394792072474957,"y":0.1411122977733612,"z":0.0014817354967817665,"w":-0.9899406433105469},"size":0.29214778542518618,"orthographic":true}