{"cameraMode":{"drawMode":0,"name":"Shaded","section":"Shading Mode"},"sceneLighting":true,"audioPlay":false,"sceneViewState":{"showFog":true,"showMaterialUpdate":false,"showSkybox":true,"showFlares":true,"showImageEffects":true,"showParticleSystems":true},"in2DMode":false,"pivot":{"x":0.00720977783203125,"y":-0.603790283203125,"z":-0.37319302558898928},"rotation":{"x":0.04075625538825989,"y":-0.5999383926391602,"z":0.03062080778181553,"w":0.7984235882759094},"size":0.9853458404541016,"orthographic":true}