{"cameraMode":{"drawMode":0,"name":"Shaded","section":"Shading Mode"},"sceneLighting":true,"audioPlay":false,"sceneViewState":{"showFog":true,"showMaterialUpdate":false,"showSkybox":true,"showFlares":true,"showImageEffects":true,"showParticleSystems":true},"in2DMode":false,"pivot":{"x":2.317690849304199,"y":1.3867454528808594,"z":1.2733324766159058},"rotation":{"x":0.20600160956382752,"y":0.387982577085495,"z":-0.08941254019737244,"w":0.8938934206962586},"size":6.693427085876465,"orthographic":false}