{"cameraMode":{"drawMode":0,"name":"Shaded","section":"Shading Mode"},"sceneLighting":true,"audioPlay":false,"sceneViewState":{"showFog":true,"showMaterialUpdate":false,"showSkybox":true,"showFlares":true,"showImageEffects":true,"showParticleSystems":true},"in2DMode":false,"pivot":{"x":1.451711654663086,"y":-0.1253640204668045,"z":0.985903263092041},"rotation":{"x":-0.0014606727054342628,"y":-0.2274903655052185,"z":-0.00034124465310014784,"w":0.9737794995307922},"size":0.3245684504508972,"orthographic":true}