{"cameraMode":{"drawMode":0,"name":"Shaded","section":"Shading Mode"},"sceneLighting":false,"audioPlay":false,"sceneViewState":{"showFog":true,"showMaterialUpdate":false,"showSkybox":false,"showFlares":true,"showImageEffects":true,"showParticleSystems":true},"in2DMode":false,"pivot":{"x":1000.0,"y":998.5384521484375,"z":1001.489990234375},"rotation":{"x":0.20549730956554414,"y":0.016146985813975335,"z":-0.0033910912461578848,"w":0.9785207509994507},"size":10.83094310760498,"orthographic":false}