{"cameraMode":{"drawMode":0,"name":"Shaded","section":"Shading Mode"},"sceneLighting":true,"audioPlay":false,"sceneViewState":{"showFog":true,"showMaterialUpdate":false,"showSkybox":true,"showFlares":true,"showImageEffects":true,"showParticleSystems":true},"in2DMode":false,"pivot":{"x":1000.0,"y":998.5384521484375,"z":1001.489990234375},"rotation":{"x":-0.2107311636209488,"y":0.6570008397102356,"z":-0.19891729950904847,"w":-0.6959820985794067},"size":14.104704856872559,"orthographic":true}