{"cameraMode":{"drawMode":0,"name":"Shaded","section":"Shading Mode"},"sceneLighting":true,"audioPlay":false,"sceneViewState":{"showFog":true,"showMaterialUpdate":false,"showSkybox":true,"showFlares":true,"showImageEffects":true,"showParticleSystems":true},"in2DMode":false,"pivot":{"x":271.39874267578127,"y":1.113364338874817,"z":242.73182678222657},"rotation":{"x":-0.013499559834599495,"y":-0.002999414224177599,"z":-0.00004022444045403972,"w":0.9999067783355713},"size":0.8740277290344238,"orthographic":false}