{"cameraMode":{"drawMode":0,"name":"Shaded","section":"Shading Mode"},"sceneLighting":true,"audioPlay":false,"sceneViewState":{"showFog":true,"showMaterialUpdate":false,"showSkybox":true,"showFlares":true,"showImageEffects":true,"showParticleSystems":true},"in2DMode":false,"pivot":{"x":2.2002334594726564,"y":-0.45829424262046816,"z":3.3154237270355226},"rotation":{"x":0.07992611825466156,"y":0.24269980192184449,"z":-0.02006763406097889,"w":0.9666032791137695},"size":5.120731830596924,"orthographic":false}