{"cameraMode":{"drawMode":0,"name":"Shaded","section":"Shading Mode"},"sceneLighting":true,"audioPlay":false,"sceneViewState":{"showFog":true,"showMaterialUpdate":false,"showSkybox":true,"showFlares":true,"showImageEffects":true,"showParticleSystems":true},"in2DMode":false,"pivot":{"x":0.006776630878448486,"y":0.7808824777603149,"z":0.08883772790431977},"rotation":{"x":-0.055124156177043918,"y":-0.11150253564119339,"z":0.006204990670084953,"w":-0.9922235012054443},"size":1.0928088426589966,"orthographic":true}