{"cameraMode":{"drawMode":0,"name":"Shaded","section":"Shading Mode"},"sceneLighting":true,"audioPlay":false,"sceneViewState":{"showFog":true,"showMaterialUpdate":false,"showSkybox":true,"showFlares":true,"showImageEffects":true,"showParticleSystems":true},"in2DMode":false,"pivot":{"x":0.013399988412857056,"y":-0.16859999299049378,"z":3.0},"rotation":{"x":0.1106593981385231,"y":-0.3495193123817444,"z":0.041619352996349338,"w":0.9294672608375549},"size":0.16278821229934693,"orthographic":false}