{"cameraMode":{"drawMode":0,"name":"Shaded","section":"Shading Mode"},"sceneLighting":true,"audioPlay":false,"sceneViewState":{"showFog":true,"showMaterialUpdate":false,"showSkybox":true,"showFlares":true,"showImageEffects":true,"showParticleSystems":true},"in2DMode":false,"pivot":{"x":25.270000457763673,"y":24.262001037597658,"z":5.037894248962402},"rotation":{"x":-0.2209230661392212,"y":-0.3845950663089752,"z":0.09534630924463272,"w":-0.8911945223808289},"size":35.76171875,"orthographic":true}