{"cameraMode":{"drawMode":0,"name":"Shaded","section":"Shading Mode"},"sceneLighting":true,"audioPlay":false,"sceneViewState":{"showFog":true,"showMaterialUpdate":false,"showSkybox":true,"showFlares":true,"showImageEffects":true,"showParticleSystems":true},"in2DMode":false,"pivot":{"x":234.00721740722657,"y":-0.36227571964263918,"z":-0.4015810489654541},"rotation":{"x":-0.09979371726512909,"y":0.10279379785060883,"z":0.010369215160608292,"w":0.9896326661109924},"size":0.8226352334022522,"orthographic":false}