{"cameraMode":{"drawMode":0,"name":"Shaded","section":"Shading Mode"},"sceneLighting":true,"audioPlay":false,"sceneViewState":{"showFog":true,"showMaterialUpdate":false,"showSkybox":true,"showFlares":true,"showImageEffects":true,"showParticleSystems":true},"in2DMode":false,"pivot":{"x":0.3997039794921875,"y":-0.0860615074634552,"z":-1.0667245388031006},"rotation":{"x":0.011947688646614552,"y":0.9772251844406128,"z":-0.05723300203680992,"w":0.20399756729602815},"size":0.786239743232727,"orthographic":false}