{"cameraMode":{"drawMode":0,"name":"Shaded","section":"Shading Mode"},"sceneLighting":false,"audioPlay":false,"sceneViewState":{"showFog":true,"showMaterialUpdate":false,"showSkybox":false,"showFlares":true,"showImageEffects":true,"showParticleSystems":true},"in2DMode":false,"pivot":{"x":0.17499999701976777,"y":0.23865346610546113,"z":3.178459405899048},"rotation":{"x":-0.056494858115911487,"y":0.16457143425941468,"z":-0.009441169910132885,"w":-0.984705924987793},"size":0.3433830440044403,"orthographic":false}